address,orig_size,type,size
401000,55,function,
401037,29,function,
401054,55,function,
0040108b,47,function,
004010ba,58,function,
004010f4,114,function,
401166,65,function,
004011a7,47,function,
004011e0,45,function,
0040120d,198,function,
004012d3,59,function,
0040130e,58,function,
401348,86,function,
0040139e,58,function,
004013d8,95,function,
401440,241,function,
401531,227,function,
401620,46,function,
0040164e,46,function,
0040167c,1606,function,
00401cc2,1258,function,
004021ac,128,function,
0040222c,147,function,
004022bf,148,function,
402353,685,function,
402600,33,function,
402621,105,function,
0040268a,141,function,
402717,44,function,
402743,236,function,
0040282f,18,function,
402841,144,function,
004028d1,369,function,
00402a42,66,function,
00402a84,85,function,
00402ad9,75,function,
00402b24,524,function,
00402d30,428,function,
00402edc,1032,function,
004032e4,229,function,
004033c9,426,function,
403573,297,function,
0040369c,2365,function,
00403fd9,3103,function,
00404bf8,18,function,
00404c0a,95,function,
00404c69,48,function,
00404c99,48,function,
00404cc9,57,function,
00404d02,23,function,
00404d19,18,function,
00404d2b,59,function,
00404d70,1265,function,
405261,172,function,
0040530d,288,function,
0040542d,225,function,
405510,1337,function,
00405a49,1244,function,
00405f25,19,function,
00405f38,40,function,
00405f60,21,function,
00405f75,51,function,
00405fa8,112,function,
406018,278,function,
0040612e,62,function,
0040616c,81,function,
004061bd,127,function,
0040623c,23,function,
406253,278,function,
406369,119,function,
004063e0,6,function,
004063f0,412,function,
406590,11,function,11
004065a0,52,function,52
004065e0,3,function,3
004065f0,21,function,21
406610,5,function,5
406620,38,function,38
406650,441,function,
406810,461,function,
004069e0,485,function,
00406bd0,227,function,
00406cc0,63,function,
00406d00,152,function,
00406da0,198,function,
00406e70,627,function,
004070f0,157,function,
407190,121,function,
407210,853,function,
407570,91,function,
004075d0,232,function,
004076c0,96,function,
407720,735,function,
00407a00,133,function,
00407a90,123,function,123
00407b10,257,function,
00407c20,499,function,
00407e20,262,function,
00407f30,240,function,
408020,176,function,
004080d0,454,function,
004082a0,63,function,
004082e0,990,function,
004086c0,520,function,
004088d0,42,function,42
408900,25,function,25
408920,46,function,
408950,17,function,
408970,70,function,70
004089c0,141,function,
00408a50,841,function,
00408da0,384,function,
00408f20,1192,function,
004093d0,6,function,6
004093e0,6,function,6
004093f0,9,function,
409400,9,function,
409410,16,function,
409420,130,function,
004094b0,1377,function,
004094bd,1364,function,
00409a20,664,function,
00409cc0,109,function,
00409d30,204,function,
00409e00,170,function,
00409eb0,608,function,
0040a110,25,function,25
0040a130,25,function,25
0040a150,25,function,25
0040a1a0,396,function,
0040a330,131,function,
0040a3c0,121,function,
0040a440,350,function,
0040a5a0,388,function,
0040a730,746,function,
0040aa20,41,function,41
0040aa50,421,function,
0040ac00,132,function,
0040ac84,6,function,
0040ac8a,6,function,
0040ac90,6,function,
0040ac96,6,function,
0040aca0,156,function,
0040ad40,19,function,
0040ad60,378,function,
0040af60,22,function,
0040af76,6,function,
0040af80,19,function,
0040afb0,8,function,
0040afb8,6,function,
0040afc0,6,function,
0040afc6,6,function,
428000,396,function,
428245,112,function,
004282b5,75,function,
428300,146,function,
428392,242,function,
428484,36,function,
