address,orig_size,type
401000,1005,function
004013ed,430,function
0040159b,1049,function
004019b4,658,function
00401c46,569,function
00401e7f,581,function
004020c4,357,function
402229,577,function
0040246a,91,function
004024c5,155,function
402560,991,function
0040293f,726,function
00402c15,247,function
00402d0c,2123,function
403557,650,function
004037e1,650,function
00403a6b,247,function
00403b62,290,function
00403c84,1418,function
0040420e,796,function
0040452a,1826,function
00404c4c,179,function
00404cff,207,function
00404dce,4863,function
004060cd,1033,function
004064d6,549,function
004066fb,1620,function
00406d4f,1325,function
0040727c,1120,function
004076dc,791,function
004079f3,922,function
00407d8d,769,function
0040808e,769,function
0040838f,1085,function
004087cc,259,function
004088cf,319,function
00408a0e,287,function
00408b2d,247,function
00408c24,153,function
00408cbd,1998,function
0040948b,815,function
004097ba,1595,function
00409df5,629,function
0040a06a,580,function
0040a2ae,320,function
0040a3f0,183,function
0040a4a7,46,function
0040a4d5,1019,function
0040a8d0,285,function
0040a9ed,1267,function
0040aee0,95,function
0040af3f,1381,function
0040b4a4,1048,function
0040b8bc,1290,function
0040bdc6,1491,function
0040c399,247,function
0040c490,1426,function
0040ca30,590,function
0040cc7e,190,function
0040cd3c,80,function
0040cd8c,124,function
0040ce08,172,function
0040ceb4,235,function
0040cfa0,38,function
0040cfc6,38,function
0040cfec,38,function
0040d012,38,function
0040d038,38,function
0040d05e,1233,function
0040d52f,1503,function
0040db0e,618,function
0040dd78,622,function
0040dfe6,449,function
0040e1a7,308,function
0040e2db,2210,function
0040eb7d,519,function
0040ed84,600,function
0040efdc,970,function
0040f3a6,2016,function
0040fb86,1269,function
410080,361,function
004101e9,261,function
004102ee,275,function
410401,853,function
410756,169,function
004107ff,547,function
00410a22,2791,function
411509,1144,function
411981,1017,function
00411d7a,1681,function
0041240b,2705,function
00412e9c,3563,function
00413c87,561,function
00413eb8,1954,function
0041465a,77,function
004146a7,77,function
004146f4,1528,function
00414cec,902,function
415072,154,function
0041510c,38,function
415132,38,function
415158,38,function
0041517e,38,function
004151a4,38,function
004151ca,1989,function
0041598f,2078,function
004161ad,38,function
004161d3,38,function
004161f9,38,function
0041621f,38,function
416245,38,function
0041626b,723,function
0041653e,528,function
0041674e,1671,function
00416dd5,1107,function
417228,1505,function
417809,1302,function
00417d1f,553,function
00417f48,1936,function
004186d8,482,function
004188ba,1218,function
00418d7c,1305,function
419295,978,function
419667,566,function
0041989d,580,function
00419ae1,1250,function
00419fc3,966,function
0041a389,2721,function
0041ae2a,1710,function
0041b4d8,155,function
0041b573,654,function
0041b801,650,function
0041ba8b,1391,function
0041bffa,501,function
0041c1ef,1303,function
0041c706,38,function
0041c72c,38,function
0041c752,1347,function
0041cc95,513,function
0041ce96,1635,function
0041d4f9,1501,function
0041dad6,1179,function
0041df71,1257,function
0041e45a,781,function
0041e767,734,function
0041ea45,944,function
0041edf5,391,function
0041ef7c,354,function
0041f0de,757,function
0041f3d3,226,function
0041f4c0,417,function
0041f670,711,function
0041f937,46,function
0041f965,1109,function
0041fdba,103,function
0041fe21,412,function
0041ffbd,59,function
0041fff8,105,function
420061,319,function
004201a0,213,function
420275,219,function
420350,38,function
420376,714,function
420640,567,function
420877,105,function
004208e0,131,function
420963,295,function
00420a8a,34,function
00420aac,761,function
00420da5,107,function
00420e10,1831,function
421537,194,function
004215f9,83,function
0042164c,59,function
421687,422,function
421830,548,function
00421a54,590,function
00421ca2,616,function
00421f0a,418,function
004220ac,418,function
0042224e,258,function
422350,42,function
0042237a,139,function
422405,176,function
004224b5,512,function
004226c0,1322,function
00422bea,81,function
00422c40,1368,function
423198,997,function
0042357d,364,function
004236e9,137,function
423772,289,function
423893,544,function
00423ab3,950,function
00423e69,685,function
424116,1077,function
0042454b,752,function
424840,18,function
424852,1536,function
00424e52,364,function
00424fbe,207,function
0042508d,740,function
425371,312,function
004254a9,138,function
425533,242,function
425625,917,function
004259ba,892,function
00425d36,554,function
00425f60,1186,function
426402,1194,function
004268ac,1698,function
00426f4e,813,function
0042727b,244,function
0042736f,1234,function
427841,301,function
0042796e,896,function
00427cee,254,function
00427dec,18,function
00427dfe,1542,function
428404,503,function
004285fb,256,function
004286fb,227,function
004287de,188,function
0042889a,184,function
428952,986,function
00428d2c,1589,function
429361,694,function
429617,372,function
0042978b,1442,function
00429d2d,436,function
00429ee1,1488,function
0042a4b1,258,function
0042a5b3,949,function
0042a968,1281,function
0042ae69,127,function
0042aee8,1475,function
0042b4ab,2094,function
0042bcd9,596,function
0042bf2d,2129,function
0042c77e,105,function
0042c7e7,1998,function
0042cfb5,399,function
0042d144,1917,function
0042d8c1,374,function
0042da37,374,function
0042dbad,358,function
0042dd13,448,function
0042ded3,564,function
0042e107,1231,function
0042e5d6,239,function
0042e6c5,293,function
0042e7ea,112,function
0042e85a,584,function
0042eaa2,716,function
0042ed6e,918,function
0042f104,965,function
0042f4c9,372,function
0042f63d,454,function
0042f803,331,function
0042f94e,291,function
0042fa71,566,function
0042fca7,709,function
0042ff6c,865,function
004302cd,894,function
0043064b,293,function
430770,153,function
430809,901,function
00430b8e,329,function
00430cd7,418,function
00430e79,898,function
004311fb,729,function
004314d4,431,function
431683,892,function
004319ff,175,function
00431aae,852,function
00431e02,131,function
00431e85,442,function
0043203f,567,function
432276,727,function
432550,157,function
004325ed,143,function
0043267c,200,function
432744,79,function
432793,184,function
0043284b,338,function
0043299d,48,function
004329cd,88,function
00432a25,125,function
00432aa2,153,function
00432b40,31,function
00432b5f,89,function
00432bb8,504,function
00432db0,332,function
00432f00,4618,function
0043410a,425,function
004342b3,509,function
004344b0,507,function
004346ab,155,function
434746,88,function
0043479e,859,function
00434af9,2890,function
435643,574,function
435881,663,function
00435b18,112,function
00435b88,151,function
00435c1f,114,function
00435c91,76,function
00435cdd,52,function
00435d11,159,function
00435db0,119,function
00435e27,199,function
00435ef0,1325,function
0043641d,1336,function
436955,2592,function
437375,300,function
004374a1,1109,function
004378f6,503,function
00437aed,1160,function
00437f75,1614,function
004385c3,1433,function
00438b5c,1698,function
004391fe,433,function
004393af,418,function
439551,2352,function
00439e81,213,function
00439f56,906,function
0043a2e0,1230,function
0043a7ae,1844,function
0043aee2,97,function
0043af43,1456,function
0043b4f3,562,function
0043b725,1357,function
0043bc72,945,function
0043c023,386,function
0043c1a5,1542,function
0043c7ab,472,function
0043c990,2165,function
0043d210,38,function
0043d236,101,function
0043d29b,849,function
0043d5ec,693,function
0043d8a1,679,function
0043db50,146,function
0043dbe2,529,function
0043de00,907,function
0043e18b,1245,function
0043e668,1488,function
0043ec38,169,function
0043ece1,202,function
0043edab,3138,function
0043f9ed,966,function
0043fdb3,383,function
0043ff32,2621,function
0044096f,355,function
00440ad2,399,function
00440c61,141,function
00440cee,148,function
00440d82,1037,function
0044118f,205,function
0044125c,696,function
441514,81,function
441565,291,function
441688,451,function
0044184b,123,function
004418c6,718,function
00441b94,350,function
00441cf2,134,function
00441d78,414,function
00441f16,2125,function
442763,118,function
004427d9,229,function
004428be,157,function
0044295b,487,function
00442b42,439,function
00442cf9,179,function
00442dac,182,function
00442e62,170,function
00442f0c,993,function
004432ed,50,function
0044331f,1198,function
004437cd,143,function
0044385c,16,function
0044386c,44,function
443898,51,function
004438cb,1559,function
00443ee2,1377,function
444443,194,function
444505,1647,function
00444b74,207,function
00444c43,220,function
00444d1f,41,function
00444d48,279,function
00444e5f,1472,function
0044541f,580,function
445663,74,function
004456ad,551,function
004458d4,68,function
445918,157,function
004459b5,417,function
00445b56,452,function
00445d1a,583,function
00445f61,213,function
446036,157,function
004460d3,430,function
446281,615,function
004464f0,148,function
446590,293,function
004466b5,1504,function
00446c95,35,function
00446cb8,239,function
00446da7,137,function
00446e30,16,function
00446e40,11,function
00446e4b,2012,function
447627,2317,function
00447f34,37,function
00447f59,39,function
00447f80,64,function
00447fc0,16,function
00447fd0,16,function
00447fe0,198,function
004480a6,62,function
004480e4,527,function
004482f3,139,function
0044837e,64,function
004483be,81,function
0044840f,129,function
448490,124,function
0044850c,129,function
0044858d,337,function
004486de,125,function
0044875b,125,function
004487d8,127,function
448857,110,function
004488c5,212,function
448999,557,function
00448bc6,205,function
00448c93,355,function
00448df6,108,function
00448e62,125,function
00448edf,125,function
00448f5c,251,function
449057,125,function
004490d4,125,function
449151,124,function
004491cd,124,function
449249,191,function
449308,18,function
0044931a,100,function
0044937e,110,function
004493ec,183,function
004494a3,124,function
0044951f,147,function
004495b2,147,function
449645,193,function
449706,193,function
004497c7,209,function
449898,124,function
449914,124,function
449990,127,function
00449a0f,180,function
00449ac3,127,function
00449b42,125,function
00449bbf,48,function
00449bef,93,function
00449c4c,102,function
00449cb2,102,function
00449d18,102,function
00449d7e,140,function
00449e0a,155,function
00449ea5,163,function
00449f48,163,function
00449feb,163,function
0044a08e,91,function
0044a0e9,225,function
0044a1ca,73,function
0044a213,117,function
0044a288,53,function
0044a2bd,52,function
0044a2f1,81,function
0044a342,52,function
0044a376,73,function
0044a3bf,983,function
0044a796,60,function
0044a7e0,545,function
0044aa01,661,function
0044ac96,520,function
0044ae9e,143,function
0044af2d,902,function
0044b2b3,289,function
0044b3d4,406,function
0044b56a,220,function
0044b646,105,function
0044b6af,293,function
0044b7d4,199,function
0044b89b,1116,function
0044bcf7,376,function
0044be6f,378,function
0044bfe9,2214,function
0044c88f,532,function
0044caa3,772,function
0044cda7,10459,function
0044f682,1300,function
0044fb96,644,function
0044fe1a,1614,function
450468,1539,function
00450a70,569,function
00450ca9,46,function
00450cd7,2773,function
004517ac,378,function
451926,723,function
00451bf9,970,function
00451fc3,21,function
00451fd8,83,function
452030,41,function
452059,2588,function
00452a75,496,function
00452c70,66,function
00452cb2,54,function
00452cf0,2743,function
004537a7,49,function
004537d8,573,function
00453a15,49,function
00453a46,215,function
00453b1d,31,function
00453b3c,39,function
00453b63,352,function
00453cc3,165,function
00453d68,1043,function
454180,3373,function
00454eb0,1533,function
004554b0,580,function
004556f4,58,function
0045572e,56,function
455766,58,function
004557a0,56,function
004557d8,58,function
455812,56,function
0045584a,118,function
004558c0,56,function
004558f8,116,function
0045596c,220,function
00455a48,56,function
00455a80,281,function
00455b99,228,function
00455c7d,541,function
00455e9a,286,function
00455fb8,284,function
004560d4,1023,function
004564d3,872,function
0045683b,2651,function
457296,10456,function
00459b6e,267,function
00459c79,136,function
00459d01,127,function
00459d80,130,function
00459e02,70,function
00459e48,308,function
00459f7c,250,function
0045a076,2894,function
0045abc4,8513,function
0045cd05,2969,function
0045d89e,7351,function
0045f555,2329,function
0045fe6e,44,function
0045fe9a,150,function
0045ff30,1018,function
0046032a,10420,function
00462bde,3053,function
004637d0,670,function
00463a6e,164,function
00463b12,1783,function
464209,801,function
0046452a,327,function
464671,63,function
004646b0,79,function
464700,111,function
0046476f,143,function
004647fe,160,function
0046489e,337,function
004649ef,57,function
00464a28,47,function
00464a57,45,function
00464a84,116,function
00464af8,119,function
00464b6f,65,function
00464bb0,21,function
00464bc5,101,function
00464c30,132,function
00464cb4,1017,function
004650b0,568,function
004652e8,2111,function
00465b27,1728,function
004661e7,335,function
466336,255,function
466435,585,function
0046667e,2031,function
00466e6d,762,function
467167,729,function
467440,353,function
004675a1,1227,function
00467a6c,1693,function
468109,560,function
468339,835,function
0046867c,508,function
468878,77,function
004688c5,1264,function
00468db5,330,function
00468eff,1159,function
469386,2435,function
00469d09,1071,function
0046a138,902,function
0046a4be,903,function
0046a845,1237,function
0046ad1a,1169,function
0046b1ab,183,function
0046b262,1381,function
0046b7c7,4118,function
0046c7dd,658,function
0046ca6f,1162,function
0046cef9,253,function
0046d000,1144,function
0046d478,4096,function
0046e478,1112,function
0046e8d0,2453,function
0046f265,160,function
0046f305,375,function
0046f47c,1698,function
0046fb1e,1154,function
0046ffa0,416,function
470140,2077,function
0047095d,721,function
00470c2e,592,function
00470e7e,1521,function
0047146f,969,function
471838,878,function
00471ba6,1881,function
004722ff,1187,function
004727a2,550,function
004729c8,322,function
00472b0a,737,function
00472df0,321,function
00472f31,947,function
004732e4,2000,function
00473ab4,1460,function
474068,273,function
474179,560,function
004743a9,2884,function
00474eed,96,function
00474f4d,287,function
0047506c,365,function
004751d9,892,function
475555,117,function
004755ca,525,function
004757d7,380,function
475953,531,function
00475b66,1076,function
00475f9a,6135,function
477791,613,function
004779f6,3088,function
478606,838,function
0047894c,2956,function
004794d8,204,function
004795a4,296,function
004796cc,226,function
004797ae,1229,function
00479c7b,465,function
00479e4c,990,function
0047a22a,1565,function
0047a847,6922,function
0047c351,184,function
0047c409,224,function
0047c4e9,589,function
0047c736,404,function
0047c8ca,126,function
0047c948,90,function
0047c9a2,1093,function
0047cde7,941,function
0047d194,677,function
0047d439,166,function
0047d4df,1695,function
0047db7e,4944,function
0047eece,1526,function
0047f4c4,1725,function
0047fb81,390,function
0047fd07,505,function
0047ff00,1587,function
480533,295,function
0048065a,1197,function
00480b07,597,function
00480d5c,756,function
481050,504,function
481248,833,function
481589,241,function
0048167a,274,function
0048178c,113,function
004817fd,337,function
0048194e,1239,function
00481e25,976,function
004821f5,313,function
0048232e,119,function
004823a5,911,function
482734,121,function
004827ad,289,function
004828ce,457,function
00482a97,706,function
00482d59,326,function
00482e9f,442,function
483059,311,function
483190,178,function
483242,178,function
004832f4,405,function
483489,221,function
483566,172,function
483612,572,function
0048384e,71,function
483895,561,function
00483ac6,374,function
00483c3c,514,function
00483e3e,517,function
484043,402,function
004841d5,940,function
484581,188,function
0048463d,366,function
004847ab,245,function
004848a0,202,function
0048496a,77,function
004849b7,291,function
00484ada,84,function
00484b2e,337,function
00484c7f,276,function
00484d93,717,function
485060,302,function
485190,559,function
004853bf,758,function
004856b5,69,function
004856fa,52,function
0048572e,43,function
485759,39,function
485780,60,function
004857bc,11,function
004857c7,11,function
004857e0,351,function
0048593f,118,function
004859b5,60,function
004859f1,52,function
00485a25,45,function
00485a52,69,function
00485a97,73,function
00485ae0,65,function
00485b21,48,function
00485b51,69,function
00485b96,69,function
00485bdb,69,function
00485c20,69,function
00485c65,69,function
00485caa,69,function
00485cef,69,function
00485d34,58,function
00485d6e,69,function
00485db3,69,function
00485df8,65,function
00485e39,69,function
00485e7e,69,function
00485ec3,66,function
00485f05,69,function
00485f4a,55,function
00485f81,66,function
00485fc3,73,function
0048600c,58,function
486050,793,function
486369,334,function
004864b7,7538,function
488229,175,function
004882d8,333,function
488425,125,function
004884a2,569,function
004886db,229,function
004887c0,397,function
0048894d,1546,function
00488f57,26,function
00488f71,921,function
0048930a,88,function
489362,112,function
004893e0,374,function
489556,52,function
0048958a,2581,function
00489f9f,230,function
0048a085,93,function
0048a0e2,2060,function
0048a8ee,1082,function
0048ad28,634,function
0048afa2,418,function
0048b144,830,function
0048b482,540,function
0048b69e,640,function
0048b91e,432,function
0048bace,1274,function
0048bfc8,661,function
0048c25d,836,function
0048c5a1,567,function
0048c7e0,58,function
0048c81a,56,function
0048c852,18,function
0048c864,21,function
0048c879,8848,function
0048eb09,376,function
0048ec81,3084,function
0048f88d,381,function
0048fa0a,211,function
0048fadd,233,function
0048fbc6,93,function
0048fc23,146,function
0048fcb5,234,function
0048fd9f,585,function
0048ffe8,1164,function
490474,1105,function
004908c5,55,function
490900,181,function
004909b5,51,function
004909e8,4604,function
00491be4,150,function
00491c7a,147,function
00491d0d,365,function
00491e80,93,function
00491edd,65,function
00491f1e,7333,function
00493bc3,55,function
00493bfa,105,function
00493c63,392,function
00493deb,51,function
00493e1e,262,function
00493f24,104,function
00493f8c,330,function
004940d6,280,function
004941ee,130,function
494270,379,function
004943eb,193,function
004944ac,257,function
004945ad,820,function
004948e1,248,function
004949d9,753,function
00494cca,38,function
00494cf0,417,function
00494e91,364,function
00494ffd,287,function
0049511c,251,function
495217,250,function
495311,73,function
0049535a,261,function
0049545f,144,function
004954ef,191,function
004955ae,47,function
004955dd,47,function
0049560c,47,function
0049563b,1070,function
00495a69,571,function
00495ca4,28,function
00495cc0,65,function
00495d01,309,function
00495e36,95,function
00495e95,268,function
00495fa1,391,function
496128,131,function
004961ab,195,function
0049626e,94,function
004962cc,445,function
496489,84,function
004964dd,118,function
496553,3919,function
004974a2,29,function
004974bf,850,function
497811,197,function
004978d6,127,function
497955,180,function
00497a09,282,function
00497b23,119,function
00497b9a,243,function
00497c8d,214,function
00497d70,305,function
00497eb0,278,function
00497fd0,370,function
498142,81,function
498193,2838,function
00498ca9,41,function
00498cd2,192,function
00498da0,538,function
00498fba,133,function
0049903f,493,function
0049922c,222,function
0049930a,242,function
004993fc,197,function
004994c1,278,function
004995d7,79,function
499626,95,function
499685,74,function
004996d0,692,function
499984,3028,function
0049a558,109,function
0049a5c5,182,function
0049a67b,77,function
0049a6c8,5520,function
0049bc58,119,function
0049bccf,119,function
0049bd46,228,function
0049be2a,99,function
0049be8d,927,function
0049c22c,5132,function
0049d638,230,function
0049d71e,93,function
0049d77b,340,function
0049d8cf,229,function
0049d9b4,2995,function
0049e567,230,function
0049e64d,93,function
0049e6aa,529,function
0049e8bb,803,function
0049ebde,4398,function
0049fd0c,237,function
0049fdf9,111,function
0049fe68,1038,function
004a0276,457,function
004a043f,963,function
004a0802,92,function
004a085e,360,function
004a09c6,99,function
004a0a29,1388,function
004a0f95,158,function
004a1033,221,function
004a1110,93,function
004a116d,703,function
004a142c,3648,function
004a226c,557,function
004a2499,182,function
004a254f,451,function
004a2712,323,function
004a2855,2791,function
004a333c,221,function
004a3419,93,function
004a3476,492,function
004a3662,74,function
004a36ac,1238,function
004a3b82,538,function
004a3d9c,1819,function
004a44b7,36,function
004a44db,31,function
004a44fa,407,function
004a4691,3500,function
004a543d,221,function
004a551a,93,function
004a5577,80,function
004a55c7,265,function
004a56d0,67,function
004a5713,62,function
004a5751,101,function
004a57c0,63,function
004a57ff,63,function
004a583e,62,function
004a587c,62,function
004a58ba,111,function
004a5929,132,function
004a59ad,61,function
004a59ea,49,function
004a5a1b,54,function
004a5a51,86,function
004a5aa7,373,function
004a5c1c,124,function
004a5c98,176,function
004a5d48,141,function
004a5dd5,63,function
004a5e14,63,function
004a5e53,127,function
004a5ed2,63,function
004a5f11,63,function
004a5f50,140,function
004a5fdc,138,function
004a6066,133,function
004a60f0,125,function
004a616d,52,function
004a61a1,53,function
004a61d6,40,function
004a61fe,71,function
004a6245,73,function
004a628e,73,function
004a62d7,85,function
004a632c,41,function
004a6355,99,function
004a63b8,749,function
004a66a5,75,function
004a66f0,79,function
004a673f,69,function
004a6784,57,function
004a67bd,173,function
004a686a,183,function
004a6921,71,function
004a6968,934,function
004a6d0e,668,function
004a6faa,1622,function
004a7600,73,function
004a7649,61,function
004a7686,397,function
004a7813,810,function
004a7b3d,269,function
004a7c4a,112,function
004a7cba,21,function
004a7ccf,53,function
004a7d10,391,function
004a7e97,258,function
004a7f99,1896,function
004a8701,195,function
004a87c4,193,function
004a8885,324,function
004a89c9,649,function
004a8c52,477,function
004a8e2f,543,function
004a904e,284,function
004a916a,313,function
004a92a3,698,function
004a955d,4271,function
004aa60c,1210,function
004aaac6,324,function
004aac0a,3343,function
004ab920,162,function
004ab9c2,790,function
004abcd8,1084,function
004ac114,1047,function
004ac52b,405,function
004ac6c0,2117,function
004acf05,862,function
004ad263,849,function
004ad5b4,556,function
004ad7e0,5157,function
004aec05,1255,function
004af0ec,1544,function
004af6f4,855,function
004afa4b,1242,function
004aff25,290,function
004b0047,2024,function
004b082f,183,function
004b08e6,621,function
004b0b53,191,function
004b0c12,1388,function
004b117e,887,function
004b14f5,258,function
004b15f7,121,function
004b1670,159,function
004b1710,289,function
004b1831,153,function
004b18ca,1385,function
004b1e33,1343,function
004b2380,41,function
004b23a9,6425,function
004b3cc2,300,function
004b3dee,802,function
004b4110,44,function
004b413c,182,function
004b41f2,184,function
004b42aa,938,function
004b4654,204,function
004b4720,2713,function
004b51b9,187,function
004b5274,418,function
004b5416,222,function
004b54f4,166,function
004b559a,431,function
004b5749,88,function
004b57a1,77,function
004b57ee,244,function
004b58e2,208,function
004b59b2,456,function
004b5b7a,159,function
004b5c19,123,function
004b5c94,97,function
004b5cf5,125,function
004b5d72,118,function
004b5de8,283,function
004b5f03,116,function
004b5f77,82,function
004b5fc9,57,function
004b6002,105,function
004b606b,11,function
004b6076,27,function
004b6091,141,function
004b6120,38,function
004b6146,38,function
004b616c,38,function
004b6192,38,function
004b61b8,38,function
004b61de,984,function
004b65b6,1568,function
004b6bd6,1219,function
004b7099,1049,function
004b74b2,4419,function
004b85f5,4290,function
004b96b7,212,function
004b978b,575,function
004b99d0,587,function
004b9c20,52,function
004b9c54,606,function
004b9eb2,114,function
004b9f24,127,function
004b9fa3,320,function
004ba0e3,224,function
004ba1c3,175,function
004ba272,100,function
004ba2d6,260,function
004ba3da,398,function
004ba568,371,function
004ba6e0,150,function
004ba776,152,function
004ba80e,230,function
004ba8f4,1446,function
004bae9a,65,function
004baedb,430,function
004bb089,1063,function
004bb4b0,1346,function
004bb9f2,35,function
004bba15,158,function
004bbac0,24,function
004bbae0,231,function
004bbbc7,81,function
004bbc18,5401,function
004bd131,823,function
004bd468,629,function
004bd6dd,139,function
004bd768,93,function
004bd7d0,1078,function
004bdc06,9044,function
004bff5a,294,function
004c0080,1946,function
004c081a,102,function
004c0880,299,function
004c09b0,90,function
004c0a0a,44,function
004c0a36,55,function
004c0a6d,51,function
004c0aa0,114,function
004c0b12,11,function
004c0b1d,11,function
004c0b28,18,function
004c0b3a,40,function
004c0b62,40,function
004c0b8a,120,function
004c0c02,18,function
004c0c20,1004,function
004c100c,3330,function
004c1d0e,104,function
004c1d76,424,function
004c1f1e,110,function
004c1f8c,199,function
004c2053,116,function
004c20c7,220,function
004c21a3,409,function
004c233c,38,function
004c2362,29,function
004c237f,145,function
004c2410,924,function
004c27ac,1484,function
004c2d78,876,function
004c30e4,1124,function
004c3548,303,function
004c3677,110,function
004c36e5,198,function
004c37ab,524,function
004c39b7,482,function
004c3b99,1228,function
004c4065,330,function
004c41af,2721,function
004c4c50,536,function
004c4e68,1562,function
004c5482,471,function
004c5659,824,function
004c5991,449,function
004c5b52,55,function
004c5b89,6309,function
004c742e,126,function
004c74ac,508,function
004c76a8,176,function
004c7758,342,function
004c78ae,608,function
004c7b0e,115,function
004c7b81,789,function
004c7e96,381,function
004c8013,451,function
004c81d6,41,function
004c81ff,11066,function
004cad39,611,function
004caf9c,139,function
004cb027,887,function
004cb39e,131,function
004cb421,1838,function
004cbb4f,582,function
004cbd95,93,function
004cbdf2,2044,function
004cc5ee,372,function
004cc762,93,function
004cc7bf,582,function
004cca05,567,function
004ccc3c,431,function
004ccdf0,132,function
004cce74,1904,function
004cd5e4,600,function
004cd840,219,function
004cd920,27,function
004cd940,1595,function
004cdf7b,81,function
004cdfcc,12951,function
004d1263,177,function
004d1314,551,function
004d153b,120,function
004d15b3,726,function
004d1889,991,function
004d1c68,54,function
004d1c9e,159,function
004d1d3d,32,function
004d1d5d,1100,function
004d21a9,238,function
004d2297,238,function
004d2385,272,function
004d2495,130,function
004d2517,132,function
004d259b,99,function
004d25fe,41,function
004d2630,531,function
004d2843,454,function
004d2a09,177,function
004d2ac0,1140,function
004d2f34,548,function
004d3158,14880,function
004d6b78,245,function
004d6c6d,2724,function
004d7711,578,function
004d7953,91,function
004d79ae,2746,function
004d8468,120,function
004d84e0,921,function
004d8879,688,function
004d8b29,417,function
004d8cd0,579,function
004d8f13,320,function
004d9053,158,function
004d90f1,216,function
004d91c9,441,function
004d9382,18,function
004d9394,121,function
004d940d,75,function
004d9458,1379,function
004d99bb,196,function
004d9a7f,589,function
004d9ccc,126,function
004d9d4a,656,function
004d9fda,98,function
004da03c,149,function
004da0e0,340,function
004da234,326,function
004da380,145,function
004da411,6672,function
004dbe21,136,function
004dbea9,1641,function
004dc512,3841,function
004dd413,774,function
004dd719,1243,function
004ddbf4,69,function
004ddc39,786,function
004ddf50,28,function
004ddf6c,2396,function
004de8c8,22,function
004de8de,153,function
004de977,4327,function
004dfa5e,230,function
004dfb44,93,function
004dfba1,69,function
004dfbe6,894,function
004dff64,705,function
004e0225,87,function
004e027c,21,function
004e0291,101,function
004e02f6,101,function
004e035b,101,function
004e03c0,1067,function
004e07f0,585,function
004e0a39,137,function
004e0ac2,157,function
004e0b5f,360,function
004e0cc7,285,function
004e0de4,388,function
004e0f68,2288,function
004e1858,230,function
004e193e,93,function
004e199b,343,function
004e1af2,84,function
004e1b46,41,function
004e1b6f,21,function
004e1b84,21,function
004e1b99,11,function
004e1ba4,18,function
004e1bb6,11,function
004e1bc1,11,function
004e1bcc,11,function
004e1bd7,11,function
004e1be2,18,function
004e1bf4,11,function
004e1bff,11,function
004e1c0a,11,function
004e1c15,11,function
004e1c20,18,function
004e1c32,18,function
004e1c44,11,function
004e1c4f,21,function
004e1c64,18,function
004e1c76,11,function
004e1c81,11,function
004e1c8c,11,function
004e1c97,11,function
004e1ca2,18,function
004e1cb4,18,function
004e1cc6,11,function
004e1cd1,11,function
004e1cdc,11,function
004e1ce7,11,function
004e1cf2,18,function
004e1d04,18,function
004e1d16,11,function
004e1d21,11,function
004e1d2c,18,function
004e1d3e,18,function
004e1d50,18,function
004e1d62,11,function
004e1d6d,18,function
004e1d7f,18,function
004e1d91,21,function
004e1da6,21,function
004e1dbb,19,function
004e1dce,19,function
004e1de1,21,function
004e1e00,398,function
004e1f8e,155,function
004e2029,3764,function
004e2edd,63,function
004e2f1c,74,function
004e2f70,132,function
004e2ff4,899,function
004e3380,3982,function
004e430e,804,function
004e4632,737,function
004e4913,689,function
004e4bc4,689,function
004e4e75,37,function
004e4e9a,119,function
004e4f11,226,function
004e4ff3,75,function
004e503e,75,function
004e5089,108,function
004e50f5,177,function
004e51a6,21,function
004e51bb,45,function
004e51e8,3020,function
004e5db4,2464,function
004e6754,571,function
004e698f,155,function
004e6a30,920,function
004e6dc8,81,function
004e6e19,8233,function
004e8e42,263,function
004e8f49,529,function
004e915a,252,function
004e9256,1275,function
004e9751,245,function
004e9846,265,function
004e994f,295,function
004e9a76,176,function
004e9b26,154,function
004e9bc0,129,function
004e9c50,1928,function
004ea3e0,309,function
004ea515,64,function
004ea555,64,function
004ea595,608,function
004ea7f5,43,function
004ea820,270,function
004ea92e,113,function
004ea99f,110,function
004eaa0d,93,function
004eaa6a,95,function
004eaad0,66,function
004eab12,74,function
004eab5c,176,function
004eac0c,223,function
004eaceb,190,function
004eada9,66,function
004eadeb,74,function
004eae35,66,function
004eae77,74,function
004eaec1,72,function
004eaf09,820,function
004eb23d,408,function
004eb3e0,604,function
004eb63c,318,function
004eb77a,2729,function
004ec223,1011,function
004ec616,173,function
004ec6c3,350,function
004ec830,573,function
004eca6d,359,function
004ecbd4,359,function
004ecd40,118,function
004ecdc0,338,function
004ecf12,197,function
004ecfd7,286,function
004ed0f5,69,function
004ed13a,76,function
004ed186,21,function
004ed19b,18,function
004ed1ad,246,function
004ed2a3,139,function
004ed32e,3502,function
004ee0dc,132,function
004ee160,77,function
004ee1ad,18,function
004ee1bf,18,function
004ee1d1,157,function
004ee26e,349,function
004ee3cb,3240,function
004ef073,119,function
004ef0ea,145,function
004ef17b,240,function
004ef26b,239,function
004ef35a,352,function
004ef4ba,145,function
004ef54b,215,function
004ef622,557,function
004ef850,1203,function
004efd03,1155,function
004f0186,192,function
004f0246,359,function
004f03ad,1726,function
004f0a6b,446,function
004f0c29,4681,function
004f1e72,539,function
004f208d,296,function
004f21b5,427,function
004f2360,973,function
004f272d,627,function
004f29a0,499,function
004f2b93,2548,function
004f3587,2193,function
004f3e18,957,function
004f41d5,630,function
004f444b,414,function
004f45e9,526,function
004f47f7,361,function
004f4960,169,function
004f4a09,703,function
004f4cc8,907,function
004f5053,1695,function
004f56f2,1183,function
004f5b91,258,function
004f5c93,240,function
004f5d83,901,function
004f6108,521,function
004f6311,325,function
004f6456,127,function
004f64d5,487,function
004f66bc,1677,function
004f6d49,481,function
004f6f2a,689,function
004f71db,1448,function
004f7783,212,function
004f7857,697,function
004f7b10,372,function
004f7c84,921,function
004f801d,744,function
004f8305,820,function
004f8639,712,function
004f8901,92,function
004f895d,538,function
004f8b77,1307,function
004f9092,1121,function
004f94f3,833,function
004f9834,179,function
004f98e7,225,function
004f99c8,176,function
004f9a78,281,function
004f9b91,781,function
004f9e9e,187,function
004f9f59,698,function
004fa213,728,function
004fa4eb,504,function
004fa6e3,152,function
004fa77b,97,function
004fa7dc,1798,function
004faee2,265,function
004fafeb,2322,function
004fb8fd,265,function
004fba06,2381,function
004fc353,1465,function
004fc90c,819,function
004fcc3f,2086,function
004fd465,1230,function
004fd933,1465,function
004fdeec,156,function
004fdf88,42,function
004fdfb2,38,function
004fdfd8,2859,function
004feb03,2106,function
004ff33d,845,function
004ff68a,484,function
004ff86e,704,function
004ffb2e,1543,function
500135,143,function
005001c4,28,function
005001e0,141,function
0050026d,137,function
005002f6,390,function
0050047c,1431,function
00500a13,37,function
00500a40,236,function
00500b2c,132,function
00500bb0,166,function
00500c56,240,function
00500d46,46,function
00500d74,975,function
501143,404,function
005012d7,2199,function
00501b6e,68,function
00501bb2,103,function
00501c19,351,function
00501d78,115,function
00501deb,171,function
00501e96,169,function
00501f3f,153,function
00501fd8,332,function
502124,114,function
502196,260,function
005022a0,3492,function
503044,749,function
503331,1622,function
503987,1390,function
00503ef5,1099,function
504340,2951,function
00504ec7,1176,function
0050535f,681,function
505608,681,function
005058b1,1313,function
00505dd2,112,function
00505e42,112,function
00505eb2,112,function
00505f22,112,function
00505f92,112,function
506002,112,function
506072,112,function
005060e2,112,function
506152,112,function
005061c2,112,function
506240,204,function
0050630c,2112,function
00506b4c,1104,function
00506fa0,3264,function
00507c60,146,function
00507cf2,11,function
00507cfd,314,function
00507e37,219,function
00507f12,48,function
00507f42,4626,function
509154,185,function
509210,1467,function
005097cb,126,function
509849,61,function
509890,88,function
005098e8,444,function
00509aa4,771,function
00509da7,372,function
00509f1b,280,function
0050a033,848,function
0050a383,411,function
0050a51e,272,function
0050a62e,653,function
0050a8c0,226,function
0050a9b0,137,function
0050aa40,18,function
0050aa52,11,function
0050aa5d,11,function
0050aa68,11,function
0050aa80,35,function
0050aaa3,35,function
0050aac6,342,function
0050ac1c,81,function
0050ac6d,81,function
0050acbe,81,function
0050ad0f,215,function
0050ade6,5398,function
0050c2fc,1095,function
0050c743,1065,function
0050cb6c,102,function
0050cbd2,1597,function
0050d20f,496,function
0050d3ff,171,function
0050d4aa,1029,function
0050d8af,466,function
0050da81,2708,function
0050e515,372,function
0050e689,93,function
0050e6f0,171,function
0050e79b,3487,function
0050f53a,5381,function
00510a3f,8082,function
005129d1,481,function
00512bb2,404,function
00512d46,2471,function
005136ed,9421,function
00515bba,812,function
00515ee6,78,function
00515f34,303,function
516063,94,function
005160c1,1653,function
516736,1211,function
00516bf1,448,function
00516db1,126,function
00516e2f,126,function
00516ead,34,function
00516ecf,514,function
005170d1,381,function
0051724e,277,function
517370,18,function
517382,1706,function
00517a2c,925,function
00517dc9,804,function
005180ed,175,function
0051819c,161,function
0051823d,1820,function
518959,2239,function
519218,716,function
005194e4,257,function
005195e5,3639,function
0051a41c,560,function
0051a64c,2072,function
0051ae64,1630,function
0051b4c2,79,function
0051b511,78,function
0051b55f,1430,function
0051baf5,109,function
0051bb62,398,function
0051bcf0,2637,function
0051c73d,387,function
0051c8c0,1333,function
0051cdf5,2631,function
0051d83c,1825,function
0051df5d,1748,function
0051e631,203,function
0051e6fc,1418,function
0051ec86,449,function
0051ee47,1785,function
0051f540,2299,function
0051fe40,467,function
520013,2723,function
00520ab6,1654,function
0052112c,825,function
521465,1624,function
00521abd,2306,function
005223bf,1680,function
00522a4f,1421,function
00522fdc,270,function
005230ea,687,function
523399,242,function
0052348b,326,function
005235d1,523,function
005237dc,203,function
005238a7,231,function
0052398e,210,function
00523a60,1170,function
00523ef2,1818,function
0052460c,123,function
524687,1836,function
00524db3,1325,function
005252e0,1510,function
005258c6,2364,function
526202,3593,function
0052700b,3686,function
00527e71,3407,function
00528bc0,1020,function
00528fbc,1022,function
005293ba,1857,function
00529afb,1242,function
00529fd5,1064,function
0052a3fd,2549,function
0052adf2,317,function
0052af2f,1189,function
0052b3d4,1134,function
0052b842,430,function
0052b9f0,1634,function
0052c052,3475,function
0052cde5,988,function
0052d1c1,275,function
0052d2d4,1165,function
0052d761,68,function
0052d7a5,827,function
0052dae0,111,function
0052db4f,109,function
0052dbbc,111,function
0052dc2b,109,function
0052dc98,109,function
0052dd05,111,function
0052dd74,1215,function
0052e233,186,function
0052e2ed,55,function
0052e324,55,function
0052e35b,55,function
0052e392,55,function
0052e3c9,55,function
0052e400,2373,function
0052ed45,2757,function
0052f80a,2474,function
005301b4,1793,function
005308b5,1637,function
00530f1a,1555,function
0053152d,2055,function
00531d34,1443,function
005322d7,2048,function
00532ad7,55,function
00532b0e,55,function
00532b45,55,function
00532b7c,55,function
00532bb3,55,function
00532bea,1244,function
005330c6,1263,function
005335b5,1549,function
00533bc2,719,function
00533e91,1189,function
534336,1137,function
005347a7,795,function
00534ac2,793,function
00534ddb,2155,function
535650,356,function
005357b4,118,function
0053582a,209,function
005358fb,48,function
0053592b,5459,function
00536e7e,1004,function
0053726a,585,function
005374b3,685,function
537760,4340,function
538854,445,function
00538a11,449,function
00538bd2,619,function
00538e3d,665,function
005390d6,586,function
539320,442,function
005394da,118,function
539550,4902,function
0053a876,474,function
0053aa50,18,function
0053aa62,18,function
0053aa74,420,function
0053ac18,1341,function
0053b155,4353,function
0053c256,432,function
0053c406,2008,function
0053cbde,1167,function
0053d06d,744,function
0053d355,103,function
0053d3bc,99,function
0053d41f,170,function
0053d4c9,687,function
0053d778,686,function
0053da26,686,function
0053dcd4,737,function
0053dfb5,609,function
0053e216,116,function
0053e28a,1969,function
0053ea3b,2034,function
0053f22d,756,function
0053f521,2299,function
0053fe1c,2032,function
0054060c,2492,function
00540fc8,1085,function
541405,827,function
541740,372,function
005418b4,724,function
00541b88,2332,function
005424a4,364,function
542610,272,function
542720,77,function
0054276d,701,function
00542a2a,767,function
00542d29,185,function
00542de2,2142,function
543640,2257,function
00543f11,2249,function
005447da,2075,function
00544ff5,1517,function
005455e2,1612,function
00545c2e,1181,function
005460cb,1036,function
005464d7,505,function
005466d0,1643,function
00546d3b,399,function
00546eca,1856,function
0054760a,1449,function
00547bb3,998,function
00547f99,1616,function
005485e9,1520,function
00548bd9,1083,function
549014,504,function
0054920c,98,function
0054926e,80,function
005492be,232,function
005493a6,94,function
549404,77,function
549451,211,function
549524,514,function
549726,1379,function
00549c89,1183,function
0054a128,623,function
0054a397,434,function
0054a549,1060,function
0054a96d,736,function
0054ac4d,707,function
0054af10,669,function
0054b1ad,435,function
0054b360,161,function
0054b401,236,function
0054b4ed,960,function
0054b8ad,350,function
0054ba0b,238,function
0054baf9,463,function
0054bcc8,743,function
0054bfaf,386,function
0054c131,2554,function
0054cb2b,331,function
0054cc76,330,function
0054cdc0,388,function
0054cf44,527,function
0054d153,1354,function
0054d69d,557,function
0054d8ca,1027,function
0054dccd,188,function
0054dd89,349,function
0054dee6,110,function
0054df54,524,function
0054e160,526,function
0054e36e,129,function
0054e3ef,129,function
0054e470,387,function
0054e5f3,915,function
0054e986,958,function
0054ed44,2746,function
0054f7fe,1214,function
0054fcbc,756,function
0054ffb0,363,function
0055011b,321,function
0055025c,1285,function
550761,1258,function
00550c4b,1169,function
005510dc,161,function
0055117d,195,function
551240,244,function
551334,163,function
005513d7,246,function
005514cd,165,function
551572,131,function
005515f5,67,function
551638,380,function
005517b4,365,function
551921,575,function
00551b60,380,function
00551cdc,365,function
00551e49,142,function
00551ed7,380,function
552053,360,function
005521c0,147,function
552260,175,function
0055230f,282,function
552429,73,function
552472,1811,function
00552b90,1881,function
005532e9,446,function
005534a7,212,function
0055357b,944,function
0055392b,141,function
005539b8,11,function
005539c3,9981,function
005560c0,560,function
005562f0,707,function
005565b3,72,function
005565fb,588,function
556847,393,function
005569d0,355,function
00556b33,219,function
00556c0e,502,function
00556e04,117,function
00556e79,148,function
00556f0d,124,function
00556f89,556,function
005571b5,596,function
557409,131,function
0055748c,134,function
557512,68,function
557556,94,function
005575b4,661,function
557850,236,function
0055793c,46,function
0055796a,5696,function
00558fb0,1473,function
559571,1064,function
559999,552,function
00559bc1,731,function
00559e9c,2794,function
0055a986,1522,function
0055af78,620,function
0055b1e4,1570,function
0055b806,490,function
0055b9f0,361,function
0055bb59,344,function
0055bcb1,212,function
0055bd85,548,function
0055bfa9,385,function
0055c12a,446,function
0055c2e8,1264,function
0055c7d8,663,function
0055ca6f,611,function
0055ccd2,760,function
0055cfca,135,function
0055d051,252,function
0055d14d,135,function
0055d1d4,153,function
0055d26d,294,function
0055d393,150,function
0055d429,72,function
0055d471,221,function
0055d54e,692,function
0055d802,270,function
0055d910,11,function
0055d91b,210,function
0055d9ed,541,function
0055dc0a,6,function
0055dc10,6,function
0055dc16,6,function
0055dc1c,6,function
0055dc22,6,function
0055dc28,6,function
0055dc2e,6,function
0055dc34,6,function
0055dc3a,6,function
0055dc40,6,function
0055dc46,6,function
0055dc4c,6,function
0055dc52,6,function
0055dc58,6,function
0055dc60,31,function
0055dc80,47,function
0055dcb0,6,function
0055dcb6,6,function
0055dcbc,6,function
0055dcc2,6,function
0055dcd0,424,function
0055de78,6,function
0055de80,35,function
0055deb0,1,function
0055deb8,6,function
953000,396,function
953245,112,function
009532b5,75,function
953300,146,function
953392,242,function
953484,36,function
