address,name,type
00423dc0,helper_lucky_charm,function
00427740,helper_mox,function
0042de60,charge_mana,function
004302c0,charge_mana_w_global_cost_mod,function
004358f0,single_color_test_bit_to_color_t,function
0044e050,legacy_blit_graphics_rect_stub,function
00459aa0,dispatch_function_to_all_cards_in_play,function
0047936d,show_deck,function
00499010,load_recorded_action_code,function
0049d510,has_mana,function
0049d710,has_mana_w_global_cost_mod,function
004a09a0,create_legacy_effect,function
004a9310,helper_dual_land,function
004bc490,helper_ward,function
004bdc80,helper_circle_of_protection,function
004ef540,global_card_instances,global
005076f0,TENTATIVE_timestamp_card,global
00507ec0,TENTATIVE_timestamp_player,global
005096b0,global_stack_cards,global
005097b0,global_stack_damage_targets,global
005098b0,g_damage_accumulators,global
00543c10,global_displayed_card_instances,global
00401f2c,load_text,function
0041ce50,count_permanents_by_internal_card_id,function
0042ec40,auto_pay_colored_mana,function
0042edc0,auto_pay_variable_mana,function
0042ef80,auto_pay_generic_mana,function
0042f130,is_mana_cost_paid,function
0042f1a0,get_required_mana_color_mask,function
0042f1f0,format_mana_payment_prompt,function
00430060,spend_mana_for_cost,function
004300d0,get_mana_payment_amount,function
00430260,refund_paid_mana,function
00436550,push_card_onto_stack,function
004359b0,dispatch_event,function
00436930,obliterate_top_card_of_stack,function
004388d0,copy_mana_pool_to_display,function
00435f50,play_sound_effect,function
004596b0,gain_life,function
00468160,get_card_display_pic_num,function
00471da0,show_cardlist_if_human,function
00471eb0,do_dialog,function
004721c0,choose_a_color,function
00479620,add_card_to_hand,function
00498f20,record_ai_action_selection,function
00499050,replay_ai_action_selection,function
0049c8d0,select_card_for_action,function
0049d240,declare_mana_available_hex,function
0049d2e0,undeclare_mana_available_hex,function
0049d430,declare_mana_available,function
0049d490,produce_mana,function
0049d4f0,undeclare_mana_available_and_produce_it,function
004a65d0,get_sleighted_color,function
004a6bc0,TENTATIVE_send_network_result,function
004cbde0,WinMain,function
004ef190,g_land_can_be_played,global
004ef194,g_spell_fizzled,global
004ef198,g_max_x_value,global
004ef1a0,g_x_value,global
004ef1ac,g_stop_phase,global
004ef1b0,g_stop_phase_player,global
004ef400,g_mana_charge,global
0060a438,g_loaded_recorded_action_code,global
0060a440,g_recorded_action_player,global
0060a52c,g_recorded_action_phase,global
0060a550,g_target_player_choice,global
0060a564,g_target_selection_status_code,global
006205b4,g_event_result,global
00628c0c,g_network_result_packet,global
00728574,g_duel_ai_mode_state,global
0073684c,g_other_player,global
00736ad8,g_active_player,global
00737e1c,g_current_turn,global
00738c84,g_affected_card_controller,global
007904bc,g_produced_mana_color,global
00790640,g_duel_network_flags,global
007a2b68,g_required_mana_color_mask,global
007a2d78,g_trigger_condition,global
007a2fe4,g_ai_recorded_choice,global
007a31a8,g_ai_modifier,global
007a398c,g_affected_card,global
00427dd0,setup_paths_and_load_text_etc,function
0042f4a0,activate_mana_sources_for_payment,function
004301a0,record_paid_mana,function
00433190,draw_card_for_player,function
00435a40,C_dispatch_event_raw,function
00435c80,push_affected_card_stack,function
00435cd0,pop_affected_card_stack,function
00436980,format_stack_action_text,function
004371a0,dispatch_trigger_twice_once_with_each_player_as_reason,function
004378e0,run_target_selection_modal,function
00439890,append_displayed_card_name,function
0045a1c0,sound_load,function
0045a1f0,sound_unload,function
0045a240,sound_play,function
0045a270,sound_is_loaded,function
0045a2a0,sound_get_lru,function
0046c4a0,show_cardlist,function
0046e380,choose_a_color_dialog,function
00471b60,raw_do_dialog,function
004779f0,kill_card,function
0047b7c0,ReadPalette,function
0049d4c0,unproduce_mana,function
004a6ad0,initialize_action_packets,function
004a70c0,TENTATIVE_wait_for_network_result,function
004cc3d0,handle_magic_shell_accelerator_message,function
004cc6f0,register_MagicShellClass,function
004ed954,g_recorded_action_count,global
004d7cb4,g_mana_payment_record_depth,global
005057a8,g_stack_size,global
0060a530,g_ai_action_replay_available,global
0060a578,g_trial_recorded_action_internal_card_ids,global
0060e9fc,g_ai_search_flags,global
00620b80,global_mutex_ReadPacket,global
00628538,g_startup_modeless_dialog,global
00628668,global_mutex_UpdateLowerDialog,global
00628670,g_current_player,global
0062c17c,g_trigger_cause_controller,global
00735f0c,g_dialog_result_network_packet,global
00715780,global_main_hwnd,global
00738a14,global_mutex_GameInit,global
00739198,g_attacking_card,global
0073919c,g_duel_active_popup_window,global
00739a20,g_trigger_cause,global
0073b6ac,g_life_gained,global
0073b6b0,global_mutex_LowerDialog,global
00786394,g_startup_dialog_group_count,global
0078f0c8,g_app_instance,global
0078fa30,g_ai_recorded_action,global
007904f8,g_damage_card_internal_card_id,global
007a2fd4,global_mutex_WritePacket,global
007a2fe8,g_duel_last_active_window,global
007a3498,g_attacking_card_controller,global
0040b920,refresh_duel_display_cache,function
0042fda0,can_activate_mana_source,function
0042fed0,activate_mana_source_for_payment,function
004371e0,dispatch_trigger,function
00437e40,show_duel_card_preview,function
00438720,set_duel_tooltip_text,function
00438b00,get_displayed_card_id,function
00439690,get_displayed_card_name,function
0044ded0,DrawRandomCardFromInitialLibrary,function
00464740,InitCardArtGdiResources,function
004647d0,load_global_ui_strings,function
00466020,set_global_base_directory,function
00466080,CreateOffscreen32bppDibSection,function
00466a20,SetupDuelPalette,function
0046e540,dlgproc_choose_color,function
00471d70,set_duel_prompt_text,function
00471e70,show_card_preview_if_human,function
00472b90,InitMpstimeVxdTimer,function
004791f0,exit_duel_thread,function
00477a90,regenerate_or_graveyard_triggers,function
00479b50,is_card_color_compatible_with_mask,function
00479d10,remove_card_from_deck,function
00479db0,GetCardRarity,function
0047b7a0,OctreeNode_Create,function
0047ba00,InitDiffSquaredLookupTable,function
0047bac0,OctreeNode_FinalizeSubtree,function
0047bbe0,Octree_InsertPathString,function
0047bcc0,Octree_Destroy,function
0047bd50,InitOctreeBitTables,function
0047f090,read_db_guts,function
004a6a20,ReportUnexpectedNetworkPacketType,function
004a7940,read_card_list_packet,function
004a7a80,send_battlefield_status_packet,function
004a7ad0,receive_battlefield_status_packet,function
004a7d80,append_to_trace_txt,function
004cc770,magic_shell_window_proc,function
004d0df0,create_fonts,function
004eb1e8,global_sound_status,global
004ec6fc,g_octree_depth_max,global
004ed85d,g_opponent_initial_library_index,global
004ed861,g_selected_wizard_color,global
004d74c0,g_showlist_card_window_extra_bytes,global
004d7d44,g_affected_card_context_depth,global
0056c088,g_paletteOctreeRoot,global
0056c08c,g_octree_leaf_count,global
0056c490,g_octree_depth_current,global
0060a434,g_recorded_action_controller,global
0060a4ac,g_previous_stop_phase,global
0060a548,g_duel_active,global
0060a55c,g_previous_stop_phase_player,global
0062b828,g_saved_stop_phase_player,global
00628c70,g_next_expected_network_packet_number,global
0062c364,g_saved_stop_phase,global
00715890,g_encounter_color_match_mode,global
007282f0,g_duel_player_battlefield_window,global
00728364,g_duel_opponent_battlefield_window,global
007370c0,g_startup_dialog_group,global
007385e8,g_network_packet_filter_enabled,global
007391a0,g_current_encounter_color,global
00739d54,g_duel_window_hwnd,global
00739da0,g_target_selection_network_packet,global
00786dc8,g_duel_state_0091c4fc,global
00787358,g_card_list_packet_cards,global
00790594,g_waiting_for_network_packet,global
007a3720,g_target_selection_active,global
00436740,resolve_top_card_on_stack,function
00436a20,allow_response,function
004386f0,display_duel_prompt_text,function
00459fa0,load_pic,function
00466050,ApplyCardArtPaletteToDc,function
00466540,draw_masked_bitmap_left_half_to_rect,function
004662f0,DrawBitmapToRect,function
004671a0,get_hunting_subtype_name,function
004671d0,get_tooltip_text_width,function
004673c0,draw_owner_draw_button_centered,function
00467a40,change_buttonclass_wndproc,function
00467be0,LoadFontFromIni,function
00467f40,GetPaletteColor,function
00467fa0,handle_button_palette_message,function
0046f240,setup_choose_color_dialog_resources,function
0046f450,cleanup_choose_color_dialog_resources,function
0046f4f0,get_choose_color_selection_rect,function
00471c30,get_card_id,function
0047ba50,OctreeNode_CollectLeafIndices,function
004931f0,assert,function
0049e9e0,InitBitmapInfo24bppTopDown,function
004a68c0,trace_network_packet,function
004a69a0,report_unexpected_network_packet_number,function
004eb7ac,global_screen_dc,global
004ec704,global_PTR_BluePathBitsTable,global
004ec708,global_PTR_GreenPathBitsTable,global
004ec70c,global_PTR_RedPathBitsTable,global
0056ab24,g_dialog_card_title_buffer,global
0056be20,g_choose_color_button_focus_text_color,global
0056be48,g_choose_color_mana_symbol_bitmaps,global
0056be8c,g_choose_color_prompt_text_color,global
0056bea4,g_choose_color_selection_bitmap,global
0056bea8,g_choose_color_button_pen2,global
0056bee0,g_choose_color_button_pen1,global
0056bf0c,g_choose_color_background_bitmap,global
0056bf10,g_choose_color_button_brush,global
0056bf4c,g_choose_color_label_text_color,global
0056bf54,g_choose_color_selected_color,global
0056bf5c,g_choose_color_button_unfocus_text_color,global
0056bf60,g_is_win9x,global
006087c0,global_palette_col_7c,global
006087c4,global_damage_font,global
006087fc,global_mana_stripes_pic,global
00608800,global_palette_col_5d,global
00608998,global_palette_col_9e_b,global
0060899c,global_palette_col_2f,global
006089a0,global_palette_col_bf,global
006089a4,global_palette_col_c9,global
006089a8,global_smallcard_pt_font,global
006089ac,global_summon_pic,global
006089b0,global_mana_symbols_pic,global
00608b48,global_abilities_pic,global
00608d40,global_pen_palette_5d,global
00608d44,global_palette_col_1f,global
00608d48,global_dying_pic,global
00608d4c,global_damage_pic,global
00608d50,global_palette_col_9e_a,global
00608d54,global_card_counters_pic,global
00608d8c,global_pen_palette_1f,global
0060a53c,g_response_card_type_mask,global
0060a54c,g_phase_stop_suppressed,global
0060a554,g_response_action_mask,global
0060e6cc,g_mpstime_vxd_handle,global
0060e9f0,global_cart_art_hpalette,global
0062047c,g_shared_offscreen_dc,global
00620860,g_response_processing_flags,global
00620d58,gs_words_to_sleight_count_00789c34,global
0062bce8,g_current_action_event_code,global
0062c180,g_activation_dispatch_flags,global
00628c78,g_duel_tooltip_window,global
00628798,g_current_encounter_strength,global
00715ca0,g_duel_card_preview_window_hwnd,global
00738c80,gs_words_to_hack_count_008cd924,global
00785e60,g_nested_trigger_depth,global
00787350,g_card_list_packet_type,global
00787352,g_card_list_packet_number,global
00787354,g_card_list_packet_card_count,global
007a5380,g_card_count,global
004351c0,reassess_all_cards_and_mana,function
00466350,DrawBitmapSubrectToRect,function
004665c0,DrawMaskedBitmapToRect,function
00466a00,delete_and_close_object,function
00467450,draw_item,function
00468110,enum_child_palette_message_proc,function
004d4fc0,get_text_width_with_mana_symbols,function
004ef184,g_current_phase,global
0056b910,global_font_from_ini,global
007905d8,g_response_action_taken,global
00466450,TileBitmapIntoRect,function
004d5080,GetNextManaSymbol,function
0062bdd4,g_response_prompt_enabled,global
